<?xml version="1.0" encoding="UTF-8"?><rss version="2.0"
	xmlns:content="http://purl.org/rss/1.0/modules/content/"
	xmlns:wfw="http://wellformedweb.org/CommentAPI/"
	xmlns:dc="http://purl.org/dc/elements/1.1/"
	xmlns:atom="http://www.w3.org/2005/Atom"
	xmlns:sy="http://purl.org/rss/1.0/modules/syndication/"
	xmlns:slash="http://purl.org/rss/1.0/modules/slash/"
	>

<channel>
	<title>mutie &#8211; Lakeside Errand Runners</title>
	<atom:link href="https://mutiefrank.github.io/Project-1/author/mutie/feed/" rel="self" type="application/rss+xml" />
	<link>https://mutiefrank.github.io/Project-1</link>
	<description>Let&#039;s do it for you</description>
	<lastBuildDate>Wed, 20 Dec 2023 09:18:03 +0000</lastBuildDate>
	<language>en-US</language>
	<sy:updatePeriod>
	hourly	</sy:updatePeriod>
	<sy:updateFrequency>
	1	</sy:updateFrequency>
	<generator>https://wordpress.org/?v=6.4.2</generator>

<image>
	<url>https://mutiefrank.github.io/Project-1/wp-content/uploads/2023/12/Logo_Original-removebg-preview-Copy.png</url>
	<title>mutie &#8211; Lakeside Errand Runners</title>
	<link>https://mutiefrank.github.io/Project-1</link>
	<width>32</width>
	<height>32</height>
</image> 
	<item>
		<title>Hello world!</title>
		<link>https://mutiefrank.github.io/Project-1/2023/12/20/hello-world/</link>
					<comments>https://mutiefrank.github.io/Project-1/2023/12/20/hello-world/#comments</comments>
		
		<dc:creator><![CDATA[mutie]]></dc:creator>
		<pubDate>Wed, 20 Dec 2023 09:18:03 +0000</pubDate>
				<category><![CDATA[Uncategorized]]></category>
		<guid isPermaLink="false">https://mutiefrank.github.io/Project-1/?p=1</guid>

					<description><![CDATA[Welcome to WordPress. This is your first post. Edit or delete it, then start writing!]]></description>
										<content:encoded><![CDATA[
<p>Welcome to WordPress. This is your first post. Edit or delete it, then start writing!</p>
]]></content:encoded>
					
					<wfw:commentRss>https://mutiefrank.github.io/Project-1/2023/12/20/hello-world/feed/</wfw:commentRss>
			<slash:comments>1</slash:comments>
		
		
			</item>
	</channel>
</rss>
